<?xml version="1.0" encoding="UTF-8"?>
<project-private xmlns="http://www.netbeans.org/ns/project-private/1">
    <editor-bookmarks xmlns="http://www.netbeans.org/ns/editor-bookmarks/2" lastBookmarkId="0"/>
    <open-files xmlns="http://www.netbeans.org/ns/projectui-open-files/2">
        <group>
            <file>file:/D:/Algo/20/домашка/GC_App/src/gc_app/Obj.java</file>
            <file>file:/D:/Algo/20/домашка/GC_App/src/gc_app/CountingReference.java</file>
            <file>file:/D:/Algo/20/домашка/GC_App/src/gc_app/GC_App.java</file>
        </group>
    </open-files>
</project-private>
